,Labels,Regex P,Regex R,Regex F
0,OG-1,0.9894736842105263,0.9337748344370861,0.9608177172061328
1,OG-2,1.0,0.9166666666666666,0.9565217391304348
2,OG-3,0.9411764705882353,0.8135593220338984,0.8727272727272728
3,OG-4,1.0,0.5,0.6666666666666666
4,OG-5,None,None,None
5,OG-6,1.0,0.6666666666666666,0.8
6,OG-7,None,None,None
7,OG-8,1.0,1.0,1.0
8,OG-9,0.9375,0.9375,0.9375
9,OG-10,1.0,0.6923076923076923,0.8181818181818181
10,OG-11,0.9736842105263158,0.9527896995708155,0.9631236442516269
11,OG-12,1.0,0.875,0.9333333333333333
12,OG-13,0.6666666666666666,0.6666666666666666,0.6666666666666666
13,OS-1,1.0,0.7142857142857143,0.8333333333333333
14,OS-2A,0.6521739130434783,0.625,0.6382978723404256
15,OS-2B,0.0,0.0,0.0
16,OS-3,0.9381443298969072,0.9891304347826086,0.9629629629629629
17,OS-4,0.9565217391304348,0.88,0.9166666666666666
18,OS-5,1.0,1.0,1.0
19,OS-6,0.9879518072289156,0.9213483146067416,0.9534883720930233
20,OS-7,0.9,0.7659574468085106,0.8275862068965516
21,OS-8,0.8947368421052632,0.7727272727272727,0.8292682926829269
22,OS-9,0.0,0.0,0.0
23,OS-10,1.0,0.7647058823529411,0.8666666666666666
24,OS-11,1.0,1.0,1.0
25,OS-12A,0.8461538461538461,0.6470588235294118,0.7333333333333334
26,OS-12B,1.0,1.0,1.0
27,OS-13,1.0,1.0,1.0
28,OS-14,1.0,1.0,1.0
29,OS-15,None,None,None
30,OS-16,None,None,None
31,OS-17,0.0,0.0,0.0
32,OS-18A,0.8,0.22641509433962265,0.35294117647058826
33,OS-18B,1.0,0.21428571428571427,0.35294117647058826
34,OS-19,0.0,0.0,0.0
35,OS-20A,0.5,0.6666666666666666,0.5714285714285715
36,OS-20B,0.0,0.0,0.0
37,OS-21,0.9137931034482759,0.8412698412698413,0.8760330578512397
38,OS-22,0.8095238095238095,1.0,0.8947368421052632
39,OS-23,1.0,0.2,0.33333333333333337
40,OS-24,1.0,0.8846153846153846,0.9387755102040816
41,OS-25,1.0,1.0,1.0
42,OS-26,None,None,None
43,OS-27,0.0,0.0,0.0
44,OS-28,0.9876543209876543,0.9580838323353293,0.972644376899696
45,OS-29,1.0,1.0,1.0
46,OS-30,1.0,0.9661016949152542,0.9827586206896551
47,OS-31,None,None,None
48,OS-32,0.9444444444444444,1.0,0.9714285714285714
49,OS-33,1.0,1.0,1.0
50,OS-34,0.8,1.0,0.888888888888889
51,OS-35,1.0,1.0,1.0
52,I,1.0,0.4854368932038835,0.6535947712418301
53,II,1.0,0.6461538461538462,0.7850467289719627
54,III-bis,1.0,0.42857142857142855,0.6
55,IV,1.0,0.8205128205128205,0.9014084507042254
56,IV-bis,0.9444444444444444,0.9444444444444444,0.9444444444444444
57,V,1.0,0.5,0.6666666666666666
58,VI,1.0,0.8461538461538461,0.9166666666666666
59,VII,1.0,0.375,0.5454545454545454
60,VIII,1.0,0.7142857142857143,0.8333333333333333
