{
  "token_acc":1.0,
  "ents_p":0.8359201774,
  "ents_r":0.7821576763,
  "ents_f":0.8081457663,
  "speed":38599.5884185843,
  "ents_per_type":{
    "OG-11":{
      "p":0.96,
      "r":0.96,
      "f":0.96
    },
    "OS-4":{
      "p":1.0,
      "r":1.0,
      "f":1.0
    },
    "OS-21":{
      "p":0.7407407407,
      "r":1.0,
      "f":0.8510638298
    },
    "OS-24":{
      "p":1.0,
      "r":1.0,
      "f":1.0
    },
    "OS-6":{
      "p":0.8,
      "r":0.7272727273,
      "f":0.7619047619
    },
    "OS-7":{
      "p":1.0,
      "r":1.0,
      "f":1.0
    },
    "OS-8":{
      "p":0.2777777778,
      "r":1.0,
      "f":0.4347826087
    },
    "OG-1":{
      "p":0.9272727273,
      "r":0.8947368421,
      "f":0.9107142857
    },
    "OS-18A":{
      "p":0.7222222222,
      "r":0.7647058824,
      "f":0.7428571429
    },
    "OG-12":{
      "p":1.0,
      "r":1.0,
      "f":1.0
    },
    "III":{
      "p":0.4285714286,
      "r":0.5,
      "f":0.4615384615
    },
    "I":{
      "p":0.8260869565,
      "r":0.5135135135,
      "f":0.6333333333
    },
    "II":{
      "p":0.6666666667,
      "r":0.5,
      "f":0.5714285714
    },
    "III-bis":{
      "p":0.3333333333,
      "r":0.125,
      "f":0.1818181818
    },
    "OS-2A":{
      "p":0.5,
      "r":0.2222222222,
      "f":0.3076923077
    },
    "OS-3":{
      "p":1.0,
      "r":0.9259259259,
      "f":0.9615384615
    },
    "OS-28":{
      "p":0.9722222222,
      "r":0.9459459459,
      "f":0.9589041096
    },
    "OS-30":{
      "p":1.0,
      "r":0.9787234043,
      "f":0.9892473118
    },
    "OG-3":{
      "p":1.0,
      "r":1.0,
      "f":1.0
    },
    "OS-12A":{
      "p":1.0,
      "r":0.875,
      "f":0.9333333333
    },
    "OG-2":{
      "p":1.0,
      "r":1.0,
      "f":1.0
    },
    "IV":{
      "p":0.5454545455,
      "r":0.5,
      "f":0.5217391304
    },
    "OS-19":{
      "p":0.0,
      "r":0.0,
      "f":0.0
    },
    "OS-12B":{
      "p":0.0,
      "r":0.0,
      "f":0.0
    },
    "OS-32":{
      "p":0.6666666667,
      "r":1.0,
      "f":0.8
    },
    "OG-8":{
      "p":0.0,
      "r":0.0,
      "f":0.0
    },
    "OS-9":{
      "p":0.0,
      "r":0.0,
      "f":0.0
    },
    "OG-9":{
      "p":1.0,
      "r":1.0,
      "f":1.0
    },
    "OG-10":{
      "p":1.0,
      "r":1.0,
      "f":1.0
    },
    "OS-5":{
      "p":1.0,
      "r":0.25,
      "f":0.4
    },
    "OS-10":{
      "p":1.0,
      "r":1.0,
      "f":1.0
    },
    "OS-11":{
      "p":1.0,
      "r":1.0,
      "f":1.0
    },
    "OS-14":{
      "p":1.0,
      "r":1.0,
      "f":1.0
    },
    "OS-25":{
      "p":0.2222222222,
      "r":1.0,
      "f":0.3636363636
    },
    "OS-18B":{
      "p":0.0,
      "r":0.0,
      "f":0.0
    },
    "OS-20A":{
      "p":0.0,
      "r":0.0,
      "f":0.0
    },
    "OS-2B":{
      "p":0.0,
      "r":0.0,
      "f":0.0
    },
    "OS-35":{
      "p":0.0,
      "r":0.0,
      "f":0.0
    },
    "OS-13":{
      "p":0.5,
      "r":0.2,
      "f":0.2857142857
    },
    "OS-34":{
      "p":0.0,
      "r":0.0,
      "f":0.0
    },
    "OS-33":{
      "p":0.0,
      "r":0.0,
      "f":0.0
    },
    "OS-20B":{
      "p":0.0,
      "r":0.0,
      "f":0.0
    },
    "VI":{
      "p":1.0,
      "r":0.6666666667,
      "f":0.8
    },
    "OS-23":{
      "p":0.0,
      "r":0.0,
      "f":0.0
    },
    "VIII":{
      "p":0.5,
      "r":0.3333333333,
      "f":0.4
    },
    "VII":{
      "p":0.0,
      "r":0.0,
      "f":0.0
    },
    "V":{
      "p":0.6666666667,
      "r":0.5,
      "f":0.5714285714
    },
    "OS-27":{
      "p":0.0,
      "r":0.0,
      "f":0.0
    },
    "OS-29":{
      "p":0.0,
      "r":0.0,
      "f":0.0
    },
    "OS-1":{
      "p":0.0,
      "r":0.0,
      "f":0.0
    },
    "IV-bis":{
      "p":0.0,
      "r":0.0,
      "f":0.0
    },
    "OS-22":{
      "p":1.0,
      "r":1.0,
      "f":1.0
    }
  }
}