{"token_acc": 1.0, "token_p": 1.0, "token_r": 1.0, "token_f": 1.0, "ents_p": 0.7526218383713756, "ents_r": 0.7011494252873564, "ents_f": 0.7259744123772687, "ents_per_type": {"OG-11": {"p": 0.7811158798283262, "r": 0.7811158798283262, "f": 0.7811158798283262}, "OG-1": {"p": 0.7720797720797721, "r": 0.8973509933774835, "f": 0.8300153139356814}, "OS-4": {"p": 0.38461538461538464, "r": 0.6, "f": 0.46875}, "OS-18A": {"p": 0.5, "r": 0.4528301886792453, "f": 0.4752475247524752}, "OS-24": {"p": 0.7254901960784313, "r": 0.7115384615384616, "f": 0.7184466019417477}, "OS-6": {"p": 0.6981132075471698, "r": 0.8314606741573034, "f": 0.758974358974359}, "OS-7": {"p": 0.8461538461538461, "r": 0.7021276595744681, "f": 0.7674418604651163}, "OS-8": {"p": 0.9090909090909091, "r": 0.45454545454545453, "f": 0.6060606060606061}, "OG-12": {"p": 0.7272727272727273, "r": 0.8, "f": 0.761904761904762}, "OS-21": {"p": 0.7735849056603774, "r": 0.6507936507936508, "f": 0.706896551724138}, "OG-6": {"p": 1.0, "r": 0.6666666666666666, "f": 0.8}, "OG-13": {"p": 0.0, "r": 0.0, "f": 0.0}, "OS-1": {"p": 1.0, "r": 0.8571428571428571, "f": 0.923076923076923}, "OG-3": {"p": 0.7843137254901961, "r": 0.6779661016949152, "f": 0.7272727272727273}, "OS-2A": {"p": 0.3333333333333333, "r": 0.5833333333333334, "f": 0.4242424242424242}, "OG-2": {"p": 0.967741935483871, "r": 0.8333333333333334, "f": 0.8955223880597015}, "OS-3": {"p": 0.5877192982456141, "r": 0.7282608695652174, "f": 0.6504854368932039}, "OS-28": {"p": 0.848, "r": 0.6347305389221557, "f": 0.726027397260274}, "OS-30": {"p": 0.9173553719008265, "r": 0.6271186440677966, "f": 0.7449664429530202}, "OS-12A": {"p": 0.45454545454545453, "r": 0.29411764705882354, "f": 0.35714285714285715}, "OG-8": {"p": 0.8571428571428571, "r": 1.0, "f": 0.923076923076923}, "OS-12B": {"p": 1.0, "r": 0.3333333333333333, "f": 0.5}, "OS-32": {"p": 0.9230769230769231, "r": 0.7058823529411765, "f": 0.8000000000000002}, "OG-4": {"p": 1.0, "r": 0.5, "f": 0.6666666666666666}, "OS-33": {"p": 1.0, "r": 0.16666666666666666, "f": 0.2857142857142857}, "OG-9": {"p": 0.6190476190476191, "r": 0.8125, "f": 0.7027027027027026}, "OS-25": {"p": 1.0, "r": 0.2857142857142857, "f": 0.4444444444444445}, "OS-35": {"p": 0.0, "r": 0.0, "f": 0.0}, "OG-10": {"p": 1.0, "r": 0.6153846153846154, "f": 0.761904761904762}, "OS-9": {"p": 0.0, "r": 0.0, "f": 0.0}, "OS-18B": {"p": 0.0, "r": 0.0, "f": 0.0}, "OS-2B": {"p": 0.0, "r": 0.0, "f": 0.0}, "OS-14": {"p": 0.64, "r": 0.7272727272727273, "f": 0.6808510638297872}, "OS-11": {"p": 1.0, "r": 0.16666666666666666, "f": 0.2857142857142857}, "OS-5": {"p": 1.0, "r": 0.4, "f": 0.5714285714285715}, "OS-10": {"p": 0.7272727272727273, "r": 0.47058823529411764, "f": 0.5714285714285714}, "OS-20A": {"p": 1.0, "r": 0.3333333333333333, "f": 0.5}, "OS-34": {"p": 0.0, "r": 0.0, "f": 0.0}, "OS-13": {"p": 0.9090909090909091, "r": 0.625, "f": 0.7407407407407406}, "OS-20B": {"p": 1.0, "r": 0.2, "f": 0.33333333333333337}, "OS-23": {"p": 1.0, "r": 0.8, "f": 0.888888888888889}, "OS-19": {"p": 1.0, "r": 1.0, "f": 1.0}, "OS-22": {"p": 1.0, "r": 0.4117647058823529, "f": 0.5833333333333334}, "OS-17": {"p": 1.0, "r": 1.0, "f": 1.0}, "OS-29": {"p": 1.0, "r": 1.0, "f": 1.0}, "OS-27": {"p": 1.0, "r": 1.0, "f": 1.0}}}

