{"token_acc": 1.0, "token_p": 1.0, "token_r": 1.0, "token_f": 1.0, "ents_p": 0.972027972027972, "ents_r": 0.43302180685358255, "ents_f": 0.5991379310344827, "ents_per_type": {"I": {"p": 1.0, "r": 0.33980582524271846, "f": 0.5072463768115942}, "VI": {"p": 1.0, "r": 0.46153846153846156, "f": 0.631578947368421}, "VII": {"p": 1.0, "r": 0.625, "f": 0.7692307692307693}, "II": {"p": 1.0, "r": 0.4307692307692308, "f": 0.6021505376344086}, "III-bis": {"p": 1.0, "r": 0.42857142857142855, "f": 0.6}, "V": {"p": 0.9333333333333333, "r": 0.5384615384615384, "f": 0.6829268292682926}, "IV": {"p": 0.9, "r": 0.46153846153846156, "f": 0.6101694915254238}, "VIII": {"p": 1.0, "r": 0.38095238095238093, "f": 0.5517241379310345}, "IV-bis": {"p": 0.9285714285714286, "r": 0.7222222222222222, "f": 0.8125000000000001}}}

