{
  "token_acc":1.0,
  "ents_p":0.8401937046,
  "ents_r":0.8281622912,
  "ents_f":0.8341346154,
  "speed":37795.3910633873,
  "ents_per_type":{
    "OG-11":{
      "p":0.9636363636,
      "r":1.0,
      "f":0.9814814815
    },
    "OG-1":{
      "p":0.9615384615,
      "r":0.8928571429,
      "f":0.9259259259
    },
    "IV-bis":{
      "p":0.0,
      "r":0.0,
      "f":0.0
    },
    "OS-4":{
      "p":0.7777777778,
      "r":1.0,
      "f":0.875
    },
    "OS-18A":{
      "p":1.0,
      "r":0.7142857143,
      "f":0.8333333333
    },
    "OS-24":{
      "p":0.8571428571,
      "r":1.0,
      "f":0.9230769231
    },
    "OS-6":{
      "p":1.0,
      "r":0.8888888889,
      "f":0.9411764706
    },
    "OS-7":{
      "p":1.0,
      "r":1.0,
      "f":1.0
    },
    "OS-8":{
      "p":1.0,
      "r":1.0,
      "f":1.0
    },
    "OS-21":{
      "p":0.7692307692,
      "r":0.8333333333,
      "f":0.8
    },
    "OG-12":{
      "p":1.0,
      "r":0.75,
      "f":0.8571428571
    },
    "III":{
      "p":0.625,
      "r":0.8333333333,
      "f":0.7142857143
    },
    "I":{
      "p":0.5454545455,
      "r":0.4444444444,
      "f":0.4897959184
    },
    "OG-2":{
      "p":1.0,
      "r":0.9166666667,
      "f":0.9565217391
    },
    "OS-2A":{
      "p":0.8,
      "r":0.5,
      "f":0.6153846154
    },
    "OS-12A":{
      "p":0.5,
      "r":0.8,
      "f":0.6153846154
    },
    "V":{
      "p":1.0,
      "r":1.0,
      "f":1.0
    },
    "II":{
      "p":0.5416666667,
      "r":0.5416666667,
      "f":0.5416666667
    },
    "OS-28":{
      "p":0.8857142857,
      "r":0.96875,
      "f":0.9253731343
    },
    "OS-30":{
      "p":0.9642857143,
      "r":1.0,
      "f":0.9818181818
    },
    "OS-32":{
      "p":0.8,
      "r":0.8,
      "f":0.8
    },
    "OS-33":{
      "p":1.0,
      "r":1.0,
      "f":1.0
    },
    "OG-9":{
      "p":1.0,
      "r":1.0,
      "f":1.0
    },
    "OG-10":{
      "p":1.0,
      "r":1.0,
      "f":1.0
    },
    "OS-3":{
      "p":1.0,
      "r":0.9375,
      "f":0.9677419355
    },
    "OS-5":{
      "p":1.0,
      "r":1.0,
      "f":1.0
    },
    "OS-13":{
      "p":1.0,
      "r":1.0,
      "f":1.0
    },
    "OS-18B":{
      "p":0.0,
      "r":0.0,
      "f":0.0
    },
    "OS-25":{
      "p":1.0,
      "r":1.0,
      "f":1.0
    },
    "OS-12B":{
      "p":0.0,
      "r":0.0,
      "f":0.0
    },
    "OG-3":{
      "p":1.0,
      "r":0.9285714286,
      "f":0.962962963
    },
    "OS-10":{
      "p":1.0,
      "r":0.8888888889,
      "f":0.9411764706
    },
    "IV":{
      "p":0.3333333333,
      "r":0.5,
      "f":0.4
    },
    "OS-22":{
      "p":1.0,
      "r":0.5,
      "f":0.6666666667
    },
    "OS-1":{
      "p":1.0,
      "r":1.0,
      "f":1.0
    },
    "OS-23":{
      "p":0.5,
      "r":0.5,
      "f":0.5
    },
    "OG-6":{
      "p":0.5,
      "r":1.0,
      "f":0.6666666667
    },
    "OS-19":{
      "p":1.0,
      "r":1.0,
      "f":1.0
    },
    "OS-17":{
      "p":1.0,
      "r":1.0,
      "f":1.0
    },
    "OS-2B":{
      "p":1.0,
      "r":1.0,
      "f":1.0
    },
    "OS-11":{
      "p":1.0,
      "r":1.0,
      "f":1.0
    },
    "OS-20A":{
      "p":1.0,
      "r":1.0,
      "f":1.0
    },
    "OS-20B":{
      "p":1.0,
      "r":1.0,
      "f":1.0
    },
    "OS-34":{
      "p":1.0,
      "r":1.0,
      "f":1.0
    },
    "OS-35":{
      "p":1.0,
      "r":1.0,
      "f":1.0
    },
    "OS-14":{
      "p":0.0,
      "r":0.0,
      "f":0.0
    },
    "VI":{
      "p":0.2857142857,
      "r":0.5,
      "f":0.3636363636
    },
    "VII":{
      "p":0.0,
      "r":0.0,
      "f":0.0
    },
    "III-bis":{
      "p":0.0,
      "r":0.0,
      "f":0.0
    }
  }
}