{
  "token_acc":1.0,
  "ents_p":0.7901234568,
  "ents_r":0.7356321839,
  "ents_f":0.7619047619,
  "speed":38068.6248510403,
  "ents_per_type":{
    "OG-11":{
      "p":0.9,
      "r":0.9,
      "f":0.9
    },
    "OG-1":{
      "p":0.9230769231,
      "r":0.9230769231,
      "f":0.9230769231
    },
    "VI":{
      "p":1.0,
      "r":0.5,
      "f":0.6666666667
    },
    "OS-21":{
      "p":0.6666666667,
      "r":1.0,
      "f":0.8
    },
    "OS-6":{
      "p":0.75,
      "r":0.75,
      "f":0.75
    },
    "OS-7":{
      "p":1.0,
      "r":1.0,
      "f":1.0
    },
    "OS-4":{
      "p":1.0,
      "r":0.5,
      "f":0.6666666667
    },
    "OS-18A":{
      "p":0.5,
      "r":0.3333333333,
      "f":0.4
    },
    "OS-24":{
      "p":1.0,
      "r":0.5,
      "f":0.6666666667
    },
    "OS-8":{
      "p":1.0,
      "r":0.6666666667,
      "f":0.8
    },
    "OG-12":{
      "p":1.0,
      "r":1.0,
      "f":1.0
    },
    "II":{
      "p":1.0,
      "r":0.5,
      "f":0.6666666667
    },
    "OG-2":{
      "p":0.6666666667,
      "r":1.0,
      "f":0.8
    },
    "OS-2A":{
      "p":0.0,
      "r":0.0,
      "f":0.0
    },
    "III":{
      "p":0.0,
      "r":0.0,
      "f":0.0
    },
    "III-bis":{
      "p":0.0,
      "r":0.0,
      "f":0.0
    },
    "V":{
      "p":0.5,
      "r":1.0,
      "f":0.6666666667
    },
    "OS-30":{
      "p":0.8,
      "r":1.0,
      "f":0.8888888889
    },
    "OS-28":{
      "p":1.0,
      "r":0.875,
      "f":0.9333333333
    },
    "OS-32":{
      "p":0.5,
      "r":1.0,
      "f":0.6666666667
    },
    "OG-8":{
      "p":0.0,
      "r":0.0,
      "f":0.0
    },
    "I":{
      "p":0.0,
      "r":0.0,
      "f":0.0
    },
    "OG-9":{
      "p":1.0,
      "r":1.0,
      "f":1.0
    },
    "OS-13":{
      "p":1.0,
      "r":1.0,
      "f":1.0
    },
    "OG-3":{
      "p":1.0,
      "r":1.0,
      "f":1.0
    },
    "OS-12A":{
      "p":1.0,
      "r":1.0,
      "f":1.0
    },
    "OS-10":{
      "p":0.0,
      "r":0.0,
      "f":0.0
    },
    "IV":{
      "p":0.0,
      "r":0.0,
      "f":0.0
    },
    "OS-14":{
      "p":1.0,
      "r":1.0,
      "f":1.0
    },
    "OS-3":{
      "p":0.0,
      "r":0.0,
      "f":0.0
    }
  }
}